id,source_proposal,title,description,category,dataset,artifact_kind,query_type,platform,mitre,validation_status,performance_rating,file
N021,TH-001,Threat Hunting - PowerShell Encoded Command Launch Candidates,"Finds process-start records for Windows PowerShell or pwsh with selected encoded-command launch switches and a Base64-shaped argument. Returns image, user, initiating-process and signature context; matching does not validate the payload or prove successful or malicious execution.",Threat Hunting / PowerShell,"[""xdr_data""]",QUERY_CANDIDATE,Threat Hunting,Cortex XSIAM / XQL Search,"[{""technique"": ""T1059.001"", ""relationship"": ""Investigation context"", ""rationale"": ""An encoded-command launch may warrant investigation when its user, origin, payload or change context is unexpected."", ""validation"": ""Contextual mapping, not evidence of adversarial intent.""}]",NEEDS_ENVIRONMENT_VALIDATION,MEDIUM,queries/threat-hunting/powershell/n021-threat-hunting-powershell-encoded-command-launch-candidates.xql
N022,TH-021,Threat Hunting - Domain Account Discovery - Net User Query Attempts,Finds net.exe or net1.exe process starts requesting primary-domain user listings or a single user detail view with an explicit /domain switch. Restricts command shapes to exclude account-changing arguments; results show query attempts and require administrative context and outcome verification.,Threat Hunting / Account Discovery,"[""xdr_data""]",QUERY_CANDIDATE,Threat Hunting,Cortex XSIAM / XQL Search,"[{""technique"": ""T1087.002"", ""relationship"": ""Investigation context"", ""rationale"": ""Unexpected domain user listing or lookup attempts may support account-discovery investigation."", ""validation"": ""Contextual mapping, not evidence of adversarial intent.""}]",NEEDS_ENVIRONMENT_VALIDATION,MEDIUM,queries/threat-hunting/account-discovery/n022-threat-hunting-domain-account-discovery-net-user-query-attempts.xql
N023,OP-001,Investigation - Port 3389 Network Activity - RDP Candidates,"Returns endpoint-associated TCP or UDP network records with local or remote port 3389 over one day, including direction, protocol and initiating-process context. The port identifies RDP candidates only; records do not establish an authenticated session, application identity or unauthorized access.",Investigation / Network Activity,"[""xdr_data""]",QUERY_CANDIDATE,Investigation,Cortex XSIAM / XQL Search,N/A,NEEDS_ENVIRONMENT_VALIDATION,MEDIUM,queries/investigation/network-activity/n023-investigation-port-3389-network-activity-rdp-candidates.xql
N024,OP-005,Investigation - Selected Endpoint Network Event Timeline,"Returns the newest 1000 network records within one day for a required stable endpoint ID, preserving local and remote tuples, operation subtype, direction, success flag and initiating-process context. This is an observation timeline rather than a reconstruction of unique sessions or firewall decisions.",Investigation / Network Activity,"[""xdr_data""]",QUERY_CANDIDATE,Investigation,Cortex XSIAM / XQL Search,N/A,NEEDS_ENVIRONMENT_VALIDATION,MEDIUM,queries/investigation/network-activity/n024-investigation-selected-endpoint-network-event-timeline.xql
N025,OP-008,Dashboard - Outbound Destination Ports - Network Event Volume by Endpoint,"Ranks outgoing endpoint-associated TCP and UDP network event rows by stable endpoint ID, IP protocol, remote port and operation subtype over one day. Keeps hostnames as context and excludes unknown direction or invalid ports; counts are event volume, not unique connections or identified applications.",Dashboard / Network Activity,"[""xdr_data""]",QUERY_CANDIDATE,Dashboard,Cortex XSIAM / XQL Search,N/A,NEEDS_ENVIRONMENT_VALIDATION,MEDIUM,queries/dashboard/network-activity/n025-dashboard-outbound-destination-ports-network-event-volume-by-endpoint.xql
N026,OP-011,Investigation - Selected Endpoint Process Start Timeline,"Returns the newest 1000 process-start records within one day for a required stable endpoint ID, with started-process command line, user, hash, signature and initiating-process context. Ordering describes observed timestamps and does not reconstruct ancestry, process lifetime or current running state.",Investigation / Process Activity,"[""xdr_data""]",QUERY_CANDIDATE,Investigation,Cortex XSIAM / XQL Search,N/A,NEEDS_ENVIRONMENT_VALIDATION,MEDIUM,queries/investigation/process-activity/n026-investigation-selected-endpoint-process-start-timeline.xql
N027,TH-002,Threat Hunting - Office Command Shells and Subsequent Activity,"Preserves verified Office-to-cmd process-start anchors and a ten-minute downstream command, download, write and network timeline after ancestry/source binding. Downloads require actual download evidence; a connection alone is not a download.",Threat Hunting / Execution,"[""xdr_data"", ""{{OFFICE_DESCENDANT_ACTIVITY_DATASET}}""]",SCHEMA_BINDING_TEMPLATE,Threat Hunting,Cortex XSIAM / Interactive XQL Search,"{""id"": ""T1059.003"", ""technique"": ""Windows Command Shell"", ""tactics"": ""Execution (TA0002)""}",REQUIRES_SCHEMA_BINDING,MEDIUM,queries/threat-hunting/execution/n027-threat-hunting-office-command-shells-and-subsequent-activity.xql
N028,TH-003,Threat Hunting - WMI Child Processes with Request Origin,"Reviews verified WmiPrvSE child starts with time-qualified WMI request source, account, namespace, result and management-baseline context. Missing traces remain unassessed.",Threat Hunting / Execution,"[""xdr_data"", ""{{WMI_TRACE_DATASET}}""]",SCHEMA_BINDING_TEMPLATE,Threat Hunting,Cortex XSIAM / Interactive XQL Search,"{""id"": ""T1047"", ""technique"": ""Windows Management Instrumentation"", ""tactics"": ""Execution (TA0002)""}",REQUIRES_SCHEMA_BINDING,MEDIUM,queries/threat-hunting/execution/n028-threat-hunting-wmi-child-processes-with-request-origin.xql
N029,TH-004,Threat Hunting - Mshta URL or Script References and Follow-on Activity,"Finds mshta start records containing URL or script-protocol text and preserves a ten-minute child-process, network and download evidence timeline after relationship binding.",Threat Hunting / Proxy Execution,"[""xdr_data"", ""{{MSHTA_ACTIVITY_DATASET}}""]",SCHEMA_BINDING_TEMPLATE,Threat Hunting,Cortex XSIAM / Interactive XQL Search,"{""id"": ""T1218.005"", ""technique"": ""Mshta"", ""tactics"": ""Stealth (TA0005)""}",REQUIRES_SCHEMA_BINDING,MEDIUM,queries/threat-hunting/proxy-execution/n029-threat-hunting-mshta-url-or-script-references-and-follow-on-activity.xql
N030,TH-005,Threat Hunting - Rundll32 Module Paths and Unusual Argument Candidates,Reviews rundll32 URL/script/UNC command references or correlated module loads under user/profile/temporary path segments. Actual module identity is retained separately from argument heuristics.,Threat Hunting / Proxy Execution,"[""xdr_data""]",SCHEMA_BINDING_TEMPLATE,Threat Hunting,Cortex XSIAM / Interactive XQL Search,"{""id"": ""T1218.011"", ""technique"": ""Rundll32"", ""tactics"": ""Stealth (TA0005)""}",REQUIRES_SCHEMA_BINDING,MEDIUM,queries/threat-hunting/proxy-execution/n030-threat-hunting-rundll32-module-paths-and-unusual-argument-candidates.xql
N031,TH-006,Threat Hunting - Scheduled Task Configuration Change Review,"Reviews task creation and modification configurations against the current approved configuration snapshot, preserving subject, XML author, actions, triggers, principal and run level.",Threat Hunting / Persistence,"[""{{APPROVED_TASKS_DATASET}}"", ""{{TASK_AUDIT_DATASET}}""]",SCHEMA_BINDING_TEMPLATE,Threat Hunting,Cortex XSIAM / Interactive XQL Search,"{""id"": ""T1053.005"", ""technique"": ""Scheduled Task"", ""tactics"": ""Persistence (TA0003); Execution (TA0002)""}",REQUIRES_SCHEMA_BINDING,MEDIUM,queries/threat-hunting/persistence/n031-threat-hunting-scheduled-task-configuration-change-review.xql
N032,TH-007,Threat Hunting - New Services in Profile or Temporary Paths,Preserves successful service-install records whose configured executable path matches a profile/temporary heuristic and adds first observed same-path process-start context within one hour.,Threat Hunting / Persistence,"[""xdr_data"", ""{{SERVICE_INSTALL_DATASET}}""]",SCHEMA_BINDING_TEMPLATE,Threat Hunting,Cortex XSIAM / Interactive XQL Search,"{""id"": ""T1543.003"", ""technique"": ""Windows Service"", ""tactics"": ""Persistence (TA0003); Privilege Escalation (TA0004)""}",REQUIRES_SCHEMA_BINDING,MEDIUM,queries/threat-hunting/persistence/n032-threat-hunting-new-services-in-profile-or-temporary-paths.xql
N033,TH-008,Threat Hunting - Run Key and Startup Artifact Mutations,"Combines successful Run/RunOnce value mutations with configured Startup-folder file mutations, retaining writer identity and the configured execution target when observed.",Threat Hunting / Persistence,"[""{{RUN_REGISTRY_DATASET}}"", ""{{STARTUP_FILES_DATASET}}""]",SCHEMA_BINDING_TEMPLATE,Threat Hunting,Cortex XSIAM / Interactive XQL Search,"{""id"": ""T1547.001"", ""technique"": ""Registry Run Keys / Startup Folder"", ""tactics"": ""Persistence (TA0003)""}",REQUIRES_SCHEMA_BINDING,MEDIUM,queries/threat-hunting/persistence/n033-threat-hunting-run-key-and-startup-artifact-mutations.xql
N034,TH-009,Threat Hunting - Permanent WMI Subscription Registrations,"Reviews permanent WMI filter, consumer and binding registrations/changes and resolves configured query/consumer targets through a validated object-state source.",Threat Hunting / Persistence,"[""{{WMI_OBJECT_STATE_DATASET}}"", ""{{WMI_SUBSCRIPTIONS_DATASET}}""]",SCHEMA_BINDING_TEMPLATE,Threat Hunting,Cortex XSIAM / Interactive XQL Search,"{""id"": ""T1546.003"", ""technique"": ""Windows Management Instrumentation Event Subscription"", ""tactics"": ""Persistence (TA0003)""}",REQUIRES_SCHEMA_BINDING,MEDIUM,queries/threat-hunting/persistence/n034-threat-hunting-permanent-wmi-subscription-registrations.xql
N035,TH-010,Threat Hunting - Privileged Group Membership Additions,"Selects local/global/universal group addition events against an explicit privileged-group SID scope, resolves initiator/member identities and retains established change context.",Threat Hunting / Identity,"[""{{GROUP_ADDITIONS_DATASET}}"", ""{{PRIVILEGED_GROUPS_DATASET}}"", ""{{SID_DIRECTORY_DATASET}}""]",SCHEMA_BINDING_TEMPLATE,Threat Hunting,Cortex XSIAM / Interactive XQL Search,"{""id"": ""T1098.007"", ""technique"": ""Additional Local or Domain Groups"", ""tactics"": ""Persistence (TA0003); Privilege Escalation (TA0004)""}",REQUIRES_SCHEMA_BINDING,MEDIUM,queries/threat-hunting/identity/n035-threat-hunting-privileged-group-membership-additions.xql
N036,TH-011,Threat Hunting - New Domain Accounts and Early Lifecycle Activity,Preserves verified domain-account creation and adds first observed successful authentication plus subsequent group additions within 24 hours using stable SID/domain keys.,Threat Hunting / Identity,"[""{{ACCOUNT_LIFECYCLE_EVENTS_DATASET}}"", ""{{DOMAIN_ACCOUNT_CREATION_DATASET}}""]",SCHEMA_BINDING_TEMPLATE,Threat Hunting,Cortex XSIAM / Interactive XQL Search,"{""id"": ""T1136.002"", ""technique"": ""Domain Account"", ""tactics"": ""Persistence (TA0003)""}",REQUIRES_SCHEMA_BINDING,MEDIUM,queries/threat-hunting/identity/n036-threat-hunting-new-domain-accounts-and-early-lifecycle-activity.xql
N037,TH-012,Threat Hunting - Configured SSH Authorized Keys File Changes,"Correlates successful mutations of configured SSH authorized-key files with owning accounts, writer/process identity and approved key-change windows. Paths remain case-sensitive.",Threat Hunting / Persistence,"[""{{AUTHORIZED_KEYS_CONFIGURATION_DATASET}}"", ""{{KEY_CHANGE_WINDOWS_DATASET}}"", ""{{SSH_KEY_FILE_CHANGES_DATASET}}""]",SCHEMA_BINDING_TEMPLATE,Threat Hunting,Cortex XSIAM / Interactive XQL Search,"{""id"": ""T1098.004"", ""technique"": ""SSH Authorized Keys"", ""tactics"": ""Persistence (TA0003)""}",REQUIRES_SCHEMA_BINDING,MEDIUM,queries/threat-hunting/persistence/n037-threat-hunting-configured-ssh-authorized-keys-file-changes.xql
N038,TH-013,Threat Hunting - LSASS Memory-capable Access and Dump-file Candidates,Reviews non-baselined or unassessed processes with observed LSASS memory-capable access and correlates subsequent dump-file candidates by source process and endpoint within ten minutes.,Threat Hunting / Credential Access,"[""{{ACCESS_FOLLOWON_FILES_DATASET}}"", ""{{LSASS_ACCESS_DATASET}}""]",SCHEMA_BINDING_TEMPLATE,Threat Hunting,Cortex XSIAM / Interactive XQL Search,"{""id"": ""T1003.001"", ""technique"": ""LSASS Memory"", ""tactics"": ""Credential Access (TA0006)""}",REQUIRES_SCHEMA_BINDING,MEDIUM,queries/threat-hunting/credential-access/n038-threat-hunting-lsass-memory-capable-access-and-dump-file-candidates.xql
N039,TH-014,Threat Hunting - SAM Hive Save Attempts and Related Artifacts,"Preserves parsed reg.exe SAM hive-save attempts and correlates SYSTEM hive access, save outcomes and requested-output file creation/write within 30 minutes.",Threat Hunting / Credential Access,"[""xdr_data"", ""{{HIVE_EXPORT_CONTEXT_DATASET}}""]",SCHEMA_BINDING_TEMPLATE,Threat Hunting,Cortex XSIAM / Interactive XQL Search,"{""id"": ""T1003.002"", ""technique"": ""Security Account Manager"", ""tactics"": ""Credential Access (TA0006)""}",REQUIRES_SCHEMA_BINDING,MEDIUM,queries/threat-hunting/credential-access/n039-threat-hunting-sam-hive-save-attempts-and-related-artifacts.xql
N040,TH-015,Threat Hunting - Domain Controller Database and Snapshot Activity,"Builds a domain-controller timeline of actual NTDS path access/copy, raw reads of its volume, and relevant snapshot/database utility starts with outcome and backup context.",Threat Hunting / Credential Access,"[""{{DIRECTORY_DATABASE_ACTIVITY_DATASET}}"", ""{{DOMAIN_CONTROLLER_DATABASES_DATASET}}""]",SCHEMA_BINDING_TEMPLATE,Threat Hunting,Cortex XSIAM / Interactive XQL Search,"{""id"": ""T1003.003"", ""technique"": ""NTDS"", ""tactics"": ""Credential Access (TA0006)""}",REQUIRES_SCHEMA_BINDING,MEDIUM,queries/threat-hunting/credential-access/n040-threat-hunting-domain-controller-database-and-snapshot-activity.xql
N041,TH-016,Threat Hunting - Unexpected Replication Rights Use with Source Context,"Reviews successful Get-Changes-All control-access usage by non-baselined/unassessed principals, resolves the authenticated source, and attaches time-qualified actual DRS operation evidence.",Threat Hunting / Credential Access,"[""{{DRS_OPERATIONS_DATASET}}"", ""{{REPLICATION_ORIGIN_DATASET}}"", ""{{REPLICATION_RIGHTS_DATASET}}""]",SCHEMA_BINDING_TEMPLATE,Threat Hunting,Cortex XSIAM / Interactive XQL Search,"{""id"": ""T1003.006"", ""technique"": ""DCSync"", ""tactics"": ""Credential Access (TA0006)""}",REQUIRES_SCHEMA_BINDING,MEDIUM,queries/threat-hunting/credential-access/n041-threat-hunting-unexpected-replication-rights-use-with-source-context.xql
N042,TH-017,Threat Hunting - Service-ticket Bursts and Rare Requesters,"Compares successful service-ticket activity in fixed ten-minute windows with a covered prior requester/peer baseline, retaining all encryption types as context.",Threat Hunting / Credential Access,"[""{{SERVICE_TICKETS_DATASET}}"", ""{{TICKET_REQUESTER_BASELINE_DATASET}}""]",SCHEMA_BINDING_TEMPLATE,Threat Hunting,Cortex XSIAM / Interactive XQL Search,"{""id"": ""T1558.003"", ""technique"": ""Kerberoasting"", ""tactics"": ""Credential Access (TA0006)""}",REQUIRES_SCHEMA_BINDING,MEDIUM,queries/threat-hunting/credential-access/n042-threat-hunting-service-ticket-bursts-and-rare-requesters.xql
N043,TH-018,Threat Hunting - No-preauthentication Accounts and TGT Request Activity,"Correlates successful no-preauthentication TGT requests with time-valid account configuration, source/request baselines and approved service exceptions.",Threat Hunting / Credential Access,"[""{{ASREP_REQUEST_BASELINE_DATASET}}"", ""{{PREAUTH_ACCOUNT_STATE_DATASET}}"", ""{{TGT_REQUESTS_DATASET}}""]",SCHEMA_BINDING_TEMPLATE,Threat Hunting,Cortex XSIAM / Interactive XQL Search,"{""id"": ""T1558.004"", ""technique"": ""AS-REP Roasting"", ""tactics"": ""Credential Access (TA0006)""}",REQUIRES_SCHEMA_BINDING,MEDIUM,queries/threat-hunting/credential-access/n043-threat-hunting-no-preauthentication-accounts-and-tgt-request-activity.xql
N044,TH-019,Password Spraying Across Accounts - Schema Binding Template,Ranks source-specific bad-secret failures spread across accounts within 15-minute bins. Retains original reasons and separates source systems; thresholds identify spray-shaped behavior for review.,Threat Hunting / Credential Access,"[""{{AUTH_FAILURE_DATASET}}""]",SCHEMA_BINDING_TEMPLATE,Threat Hunting,Cortex XSIAM / Interactive XQL Search,"{""id"": ""T1110.003"", ""technique"": ""Password Spraying"", ""tactics"": ""Credential Access (TA0006)""}",REQUIRES_SCHEMA_BINDING,MEDIUM,queries/threat-hunting/credential-access/n044-password-spraying-across-accounts-schema-binding-template.xql
N045,TH-020,Browser Credential Store Read Access - Schema Binding Template,Finds successful reads of inventoried browser credential-store files and preserves reader identity for review. Requires real access telemetry and time-valid browser-profile paths.,Threat Hunting / Credential Access,"[""{{FILE_ACCESS_DATASET}}"", ""{{BROWSER_STORE_INVENTORY}}""]",SCHEMA_BINDING_TEMPLATE,Threat Hunting,Cortex XSIAM / Interactive XQL Search,"{""id"": ""T1555.003"", ""technique"": ""Credentials from Web Browsers"", ""tactics"": ""Credential Access (TA0006)""}",REQUIRES_SCHEMA_BINDING,HIGH,queries/threat-hunting/credential-access/n045-browser-credential-store-read-access-schema-binding-template.xql
N046,TH-022,Privileged Domain Group Discovery - Schema Binding Template,"Selects read-oriented requests targeting authoritative privileged domain-group SIDs, preserving requester and raw query context. Localized names are resolved through a time-valid group inventory.",Threat Hunting / Discovery,"[""{{DIRECTORY_QUERY_DATASET}}"", ""{{PRIVILEGED_GROUP_INVENTORY}}""]",SCHEMA_BINDING_TEMPLATE,Threat Hunting,Cortex XSIAM / Interactive XQL Search,"{""id"": ""T1069.002"", ""technique"": ""Domain Groups"", ""tactics"": ""Discovery (TA0007)""}",REQUIRES_SCHEMA_BINDING,HIGH,queries/threat-hunting/discovery/n046-privileged-domain-group-discovery-schema-binding-template.xql
N047,TH-023,Internal Service Scanning Fan-Out Candidates - Schema Binding Template,Groups outgoing TCP/UDP endpoint-associated network observations into five-minute bins and selects high destination or port fan-out within verified internal address scope.,Threat Hunting / Discovery,[],SCHEMA_BINDING_TEMPLATE,Threat Hunting,Cortex XSIAM / Interactive XQL Search,"{""id"": ""T1046"", ""technique"": ""Network Service Discovery"", ""tactics"": ""Discovery (TA0007)""}",REQUIRES_SCHEMA_BINDING,MEDIUM,queries/threat-hunting/discovery/n047-internal-service-scanning-fan-out-candidates-schema-binding-template.xql
N048,TH-024,Network Share Enumeration Requests - Schema Binding Template,"Returns explicit server share-list requests from validated protocol operations or read-oriented command attempts, keeping their evidence kinds and outcomes distinct.",Threat Hunting / Discovery,"[""{{SHARE_ENUMERATION_DATASET}}""]",SCHEMA_BINDING_TEMPLATE,Threat Hunting,Cortex XSIAM / Interactive XQL Search,"{""id"": ""T1135"", ""technique"": ""Network Share Discovery"", ""tactics"": ""Discovery (TA0007)""}",REQUIRES_SCHEMA_BINDING,MEDIUM,queries/threat-hunting/discovery/n048-network-share-enumeration-requests-schema-binding-template.xql
N049,TH-025,Security Tool Discovery Requests - Schema Binding Template,"Finds read-oriented queries whose explicit targets resolve to inventoried security products, preserving registry/service/process query distinctions.",Threat Hunting / Discovery,"[""{{SECURITY_DISCOVERY_DATASET}}"", ""{{SECURITY_PRODUCT_TARGETS}}""]",SCHEMA_BINDING_TEMPLATE,Threat Hunting,Cortex XSIAM / Interactive XQL Search,"{""id"": ""T1518.001"", ""technique"": ""Security Software Discovery"", ""tactics"": ""Discovery (TA0007)""}",REQUIRES_SCHEMA_BINDING,HIGH,queries/threat-hunting/discovery/n049-security-tool-discovery-requests-schema-binding-template.xql
N050,TH-026,RDP from Sources Absent in a Verified Baseline - Schema Binding Template,"Finds current-day successful RemoteInteractive logons whose target/source pair is absent from the preceding 30-day window, only for targets with verified baseline coverage.",Threat Hunting / Lateral Movement,"[""{{WINDOWS_AUTH_DATASET}}"", ""{{RDP_BASELINE_COVERAGE}}""]",SCHEMA_BINDING_TEMPLATE,Threat Hunting,Cortex XSIAM / Interactive XQL Search,"{""id"": ""T1021.001"", ""technique"": ""Remote Desktop Protocol"", ""tactics"": ""Lateral Movement (TA0008)""}",REQUIRES_SCHEMA_BINDING,HIGH,queries/threat-hunting/lateral-movement/n050-rdp-from-sources-absent-in-a-verified-baseline-schema-binding-template.xql
N051,TH-027,Successful RDP Fan-Out Across Servers - Schema Binding Template,"Counts distinct inventoried servers reached by successful RemoteInteractive logons per client/account in 15-minute bins, preserving criticality and logon-event volume.",Threat Hunting / Lateral Movement,"[""{{WINDOWS_AUTH_DATASET}}"", ""{{SERVER_INVENTORY}}""]",SCHEMA_BINDING_TEMPLATE,Threat Hunting,Cortex XSIAM / Interactive XQL Search,"{""id"": ""T1021.001"", ""technique"": ""Remote Desktop Protocol"", ""tactics"": ""Lateral Movement (TA0008)""}",REQUIRES_SCHEMA_BINDING,HIGH,queries/threat-hunting/lateral-movement/n051-successful-rdp-fan-out-across-servers-schema-binding-template.xql
N052,TH-028,RDP Session Followed by PowerShell Behavior - Schema Binding Template,Links successful RemoteInteractive authentication to qualifying PowerShell process starts within 30 minutes using a validated endpoint and logon-session key.,Threat Hunting / Lateral Movement,"[""{{WINDOWS_AUTH_DATASET}}"", ""{{SESSION_PROCESS_START_DATASET}}""]",SCHEMA_BINDING_TEMPLATE,Threat Hunting,Cortex XSIAM / Interactive XQL Search,"{""id"": ""T1021.001; T1059.001"", ""technique"": ""Remote Desktop Protocol; PowerShell"", ""tactics"": ""Lateral Movement (TA0008); Execution (TA0002)""}",REQUIRES_SCHEMA_BINDING,HIGH,queries/threat-hunting/lateral-movement/n052-rdp-session-followed-by-powershell-behavior-schema-binding-template.xql
N053,TH-029,SMB File Write Followed by Service Execution - Schema Binding Template,"Correlates a completed SMB write, successful installation of a service using the same resolved executable path, and a verified service-associated process start in bounded sequence.",Threat Hunting / Lateral Movement,"[""{{SMB_FILE_WRITE_DATASET}}"", ""{{SERVICE_INSTALL_DATASET}}"", ""{{SERVICE_PROCESS_START_DATASET}}""]",SCHEMA_BINDING_TEMPLATE,Threat Hunting,Cortex XSIAM / Interactive XQL Search,"{""id"": ""T1021.002; T1569.002"", ""technique"": ""SMB/Windows Admin Shares; Service Execution"", ""tactics"": ""Lateral Movement (TA0008); Execution (TA0002)""}",REQUIRES_SCHEMA_BINDING,HIGH,queries/threat-hunting/lateral-movement/n053-smb-file-write-followed-by-service-execution-schema-binding-template.xql
N054,TH-030,WinRM Session and Descendant Process Review - Schema Binding Template,"Links authenticated WinRM shells to process starts through verified provider-instance ancestry, retaining requester, command and principal context within 30 minutes.",Threat Hunting / Lateral Movement,"[""{{WINRM_SESSION_DATASET}}"", ""{{WINRM_DESCENDANT_PROCESS_DATASET}}""]",SCHEMA_BINDING_TEMPLATE,Threat Hunting,Cortex XSIAM / Interactive XQL Search,"{""id"": ""T1021.006"", ""technique"": ""Windows Remote Management"", ""tactics"": ""Lateral Movement (TA0008)""}",REQUIRES_SCHEMA_BINDING,HIGH,queries/threat-hunting/lateral-movement/n054-winrm-session-and-descendant-process-review-schema-binding-template.xql
N055,TH-031,SSH Accepted Access and Session Command Review - Schema Binding Template,"Preserves accepted SSH authentications and attaches audited exec events through a validated server-session key, showing missing command evidence explicitly.",Threat Hunting / Lateral Movement,"[""{{SSH_AUTH_DATASET}}"", ""{{SSH_COMMAND_AUDIT_DATASET}}""]",SCHEMA_BINDING_TEMPLATE,Threat Hunting,Cortex XSIAM / Interactive XQL Search,"{""id"": ""T1021.004"", ""technique"": ""SSH"", ""tactics"": ""Lateral Movement (TA0008)""}",REQUIRES_SCHEMA_BINDING,HIGH,queries/threat-hunting/lateral-movement/n055-ssh-accepted-access-and-session-command-review-schema-binding-template.xql
N056,TH-032,Security Tool Disablement Requests - Schema Binding Template,"Finds explicit stop, deletion, uninstall or protection-disable requests against time-valid inventoried security targets, preserving action outcome without asserting effective disablement.",Threat Hunting / Defense Impairment,"[""{{SECURITY_CONTROL_ACTION_DATASET}}"", ""{{ENDPOINT_SECURITY_TARGET_INVENTORY}}""]",SCHEMA_BINDING_TEMPLATE,Threat Hunting,Cortex XSIAM / Interactive XQL Search,"{""id"": ""T1685"", ""technique"": ""Disable or Modify Tools"", ""tactics"": ""Defense Impairment (TA0112)""}",REQUIRES_SCHEMA_BINDING,HIGH,queries/threat-hunting/defense-impairment/n056-security-tool-disablement-requests-schema-binding-template.xql
N057,TH-033,Windows Event Log Clearing Records - Schema Binding Template,Returns verified log-clearing audit events with the actual cleared channel and correctly parsed subject identity. The provider/event allowlist keeps confirmed clearing separate from attempted commands.,Threat Hunting / Defense Impairment,"[""{{WINDOWS_LOG_CLEAR_DATASET}}""]",SCHEMA_BINDING_TEMPLATE,Threat Hunting,Cortex XSIAM / Interactive XQL Search,"{""id"": ""T1685.005"", ""technique"": ""Clear Windows Event Logs"", ""tactics"": ""Defense Impairment (TA0112)""}",REQUIRES_SCHEMA_BINDING,MEDIUM,queries/threat-hunting/defense-impairment/n057-windows-event-log-clearing-records-schema-binding-template.xql
N058,TH-034,CloudTrail StopLogging Requests and Observed Trail State - Schema Binding Template,"Reviews AWS StopLogging requests and attaches trail-state observations within 15 minutes, preserving API errors and unknown state rather than assuming a successful logging shutdown.",Threat Hunting / Defense Impairment,"[""{{AWS_CLOUDTRAIL_DATASET}}"", ""{{TRAIL_STATUS_SNAPSHOTS}}""]",SCHEMA_BINDING_TEMPLATE,Threat Hunting,Cortex XSIAM / Interactive XQL Search,"{""id"": ""T1685.002"", ""technique"": ""Disable or Modify Cloud Log"", ""tactics"": ""Defense Impairment (TA0112)""}",REQUIRES_SCHEMA_BINDING,HIGH,queries/threat-hunting/defense-impairment/n058-cloudtrail-stoplogging-requests-and-observed-trail-state-schema-binding-template.xql
N059,TH-035,Prevention Policy Enforcement Loss Across Snapshots - Schema Binding Template,"Compares controlled before/after effective-policy snapshots for each endpoint and protection scope, selecting enforced-to-unenforced transitions tied to successful policy changes.",Threat Hunting / Defense Impairment,"[""{{PREVENTION_CHANGE_DATASET}}"", ""{{EFFECTIVE_PREVENTION_SNAPSHOTS}}""]",SCHEMA_BINDING_TEMPLATE,Threat Hunting,Cortex XSIAM / Interactive XQL Search,"{""id"": ""T1685"", ""technique"": ""Disable or Modify Tools"", ""tactics"": ""Defense Impairment (TA0112)""}",REQUIRES_SCHEMA_BINDING,HIGH,queries/threat-hunting/defense-impairment/n059-prevention-policy-enforcement-loss-across-snapshots-schema-binding-template.xql
N060,TH-036,Threat Hunting - High-Cardinality DNS Name Candidates,"Ranks endpoint and base-domain groups with many distinct and long DNS query names using tuned thresholds. Returns record types, responses and process context for investigation; these features alone do not prove tunneling or command and control.",Threat Hunting / DNS,"[""{{DNS_QUERY_EVENTS}}""]",SCHEMA_BINDING_TEMPLATE,Threat Hunting,Cortex XSIAM / Interactive XQL Search,"{""id"": ""T1071.004"", ""technique"": ""DNS"", ""tactics"": ""Command and Control (TA0011)""}",REQUIRES_SCHEMA_BINDING,MEDIUM,queries/threat-hunting/dns/n060-threat-hunting-high-cardinality-dns-name-candidates.xql
N061,TH-037,Threat Hunting - Periodic Identified Web Connection Candidates,"Measures positive time gaps between deduplicated, application-identified web connection starts for an endpoint, process and destination. Selects sufficiently frequent low-spread intervals for review while preserving the distinction between periodicity and malicious beaconing.",Threat Hunting / Network Periodicity,"[""{{IDENTIFIED_WEB_CONNECTION_STARTS}}""]",SCHEMA_BINDING_TEMPLATE,Threat Hunting,Cortex XSIAM / Interactive XQL Search,"{""id"": ""T1071.001"", ""technique"": ""Web Protocols"", ""tactics"": ""Command and Control (TA0011)""}",REQUIRES_SCHEMA_BINDING,MEDIUM,queries/threat-hunting/network-periodicity/n061-threat-hunting-periodic-identified-web-connection-candidates.xql
N062,TH-038,Threat Hunting - Inbound Transfers with Attributed Output Files,"Correlates successful inbound transfer observations with a candidate output file written by the same process on the same endpoint within ten minutes. Returns URL, path and available content hash for subsequent reputation and execution pivots.",Threat Hunting / Tool Transfer,"[""{{CONFIRMED_TRANSFER_EVENTS}}"", ""{{FILE_CREATION_EVENTS}}""]",SCHEMA_BINDING_TEMPLATE,Threat Hunting,Cortex XSIAM / Interactive XQL Search,"{""id"": ""T1105"", ""technique"": ""Ingress Tool Transfer"", ""tactics"": ""Command and Control (TA0011)""}",REQUIRES_SCHEMA_BINDING,MEDIUM,queries/threat-hunting/tool-transfer/n062-threat-hunting-inbound-transfers-with-attributed-output-files.xql
N063,TH-039,Cyber Hygiene - Remote Desktop Observations without a Matching Scoped Approval,"Compares verified remote-desktop software observations with time-valid approvals scoped to endpoint, principal, product and version. Returns unmatched observations for policy review and keeps inventory evidence distinct from process execution.",Cyber Hygiene / Software Approval,"[""{{REMOTE_DESKTOP_APPROVAL_HISTORY}}"", ""{{REMOTE_DESKTOP_SOFTWARE_OBSERVATIONS}}""]",SCHEMA_BINDING_TEMPLATE,Threat Hunting,Cortex XSIAM / Interactive XQL Search,"{""id"": ""T1219.002"", ""technique"": ""Remote Desktop Software"", ""tactics"": ""Command and Control (TA0011)""}",REQUIRES_SCHEMA_BINDING,MEDIUM,queries/cyber-hygiene/software-approval/n063-cyber-hygiene-remote-desktop-observations-without-a-matching-scoped-approval.xql
N064,TH-040,Threat Hunting - Large Archive Creation with Observed Input Context,"Links a process observed accessing many distinct input files to a sufficiently large archive it creates, preserving sensitive-data classification context. Supports staging investigation and later transfer pivots without equating an archiver command with a completed archive.",Threat Hunting / Data Staging,"[""{{ARCHIVE_INPUT_OBSERVATIONS}}"", ""{{ARCHIVE_OUTPUT_CREATIONS}}""]",SCHEMA_BINDING_TEMPLATE,Threat Hunting,Cortex XSIAM / Interactive XQL Search,"{""id"": ""T1560.001"", ""technique"": ""Archive via Utility"", ""tactics"": ""Collection (TA0009)""}",REQUIRES_SCHEMA_BINDING,MEDIUM,queries/threat-hunting/data-staging/n064-threat-hunting-large-archive-creation-with-observed-input-context.xql
N065,TH-041,Threat Hunting - Successful Uploads to Externally Owned Cloud Storage,"Selects successful object-upload/write events with measured outbound volume and confirmed external destination ownership. Requires upload-capable proxy, CASB or storage data-event telemetry; an observed storage domain or TLS connection is insufficient.",Threat Hunting / Cloud Transfers,"[""{{CLOUD_STORAGE_UPLOAD_EVENTS}}""]",SCHEMA_BINDING_TEMPLATE,Threat Hunting,Cortex XSIAM / Interactive XQL Search,"{""id"": ""T1567.002"", ""technique"": ""Exfiltration to Cloud Storage"", ""tactics"": ""Exfiltration (TA0010)""}",REQUIRES_SCHEMA_BINDING,MEDIUM,queries/threat-hunting/cloud-transfers/n065-threat-hunting-successful-uploads-to-externally-owned-cloud-storage.xql
N066,TH-042,Threat Hunting - Recovery Tampering Requests and Observed State Changes,Links selected recovery-control change requests to independently observed resource state changes on the same endpoint. Preserves requests without confirmed effects and distinguishes backup maintenance from conclusions about inhibited recovery.,Threat Hunting / Recovery Controls,"[""{{RECOVERY_CHANGE_AUDIT}}"", ""{{RECOVERY_STATE_CHANGES}}""]",SCHEMA_BINDING_TEMPLATE,Threat Hunting,Cortex XSIAM / Interactive XQL Search,"{""id"": ""T1490"", ""technique"": ""Inhibit System Recovery"", ""tactics"": ""Impact (TA0040)""}",REQUIRES_SCHEMA_BINDING,MEDIUM,queries/threat-hunting/recovery-controls/n066-threat-hunting-recovery-tampering-requests-and-observed-state-changes.xql
N067,TH-043,Threat Hunting - Mass File Mutation Candidates by Process,"Counts distinct files successfully written, renamed or deleted by one process in fixed five-minute windows. Supports investigation of bulk changes while distinguishing mutation volume from encryption, ransomware or destructive intent.",Threat Hunting / File Activity,"[""{{FILE_MUTATION_EVENTS}}""]",SCHEMA_BINDING_TEMPLATE,Threat Hunting,Cortex XSIAM / Interactive XQL Search,"{""id"": ""T1486"", ""technique"": ""Data Encrypted for Impact"", ""tactics"": ""Impact (TA0040)""}",REQUIRES_SCHEMA_BINDING,MEDIUM,queries/threat-hunting/file-activity/n067-threat-hunting-mass-file-mutation-candidates-by-process.xql
N068,TH-044,Threat Hunting - Observed Stops of Critical Services,Selects observed running-to-stopped transitions for services classified as critical at event time. Retains attributable actor/request context when available and supports maintenance and dependency review without equating a stop command with a completed stop.,Threat Hunting / Service Availability,"[""{{CRITICAL_SERVICE_HISTORY}}"", ""{{SERVICE_STATE_TRANSITIONS}}""]",SCHEMA_BINDING_TEMPLATE,Threat Hunting,Cortex XSIAM / Interactive XQL Search,"{""id"": ""T1489"", ""technique"": ""Service Stop"", ""tactics"": ""Impact (TA0040)""}",REQUIRES_SCHEMA_BINDING,MEDIUM,queries/threat-hunting/service-availability/n068-threat-hunting-observed-stops-of-critical-services.xql
N069,TH-045,Threat Hunting - Sustained CPU Use with Attributed Mining Communication,"Correlates sustained high CPU samples with independently identified mining communication from the same process within a fixed 15-minute interval. Requires genuine resource metrics and protocol attribution; software names, ports and EDR row counts do not establish cryptomining.",Threat Hunting / Resource Abuse,"[""{{IDENTIFIED_MINING_PROTOCOL_EVENTS}}"", ""{{PROCESS_RESOURCE_METRICS}}""]",SCHEMA_BINDING_TEMPLATE,Threat Hunting,Cortex XSIAM / Interactive XQL Search,"{""id"": ""T1496.001"", ""technique"": ""Compute Hijacking"", ""tactics"": ""Impact (TA0040)""}",REQUIRES_SCHEMA_BINDING,MEDIUM,queries/threat-hunting/resource-abuse/n069-threat-hunting-sustained-cpu-use-with-attributed-mining-communication.xql
N070,TH-046,Threat Hunting - AWS Attachments of Reviewed High-Privilege Policies,Finds AWS IAM managed-policy attachments without a logged API error and joins them to policy assessments valid for the account and event time. Preserves actor and beneficiary separately; policy attachment does not prove unrestricted effective permissions or malicious privilege escalation.,Threat Hunting / Cloud Privileges,"[""{{AWS_AUDIT_DATASET}}"", ""{{REVIEWED_HIGH_PRIVILEGE_POLICY_HISTORY}}""]",SCHEMA_BINDING_TEMPLATE,Threat Hunting,Cortex XSIAM / Interactive XQL Search,"{""id"": ""T1098.003"", ""technique"": ""Additional Cloud Roles"", ""tactics"": ""Persistence (TA0003); Privilege Escalation (TA0004)""}",REQUIRES_SCHEMA_BINDING,MEDIUM,queries/threat-hunting/cloud-privileges/n070-threat-hunting-aws-attachments-of-reviewed-high-privilege-policies.xql
N071,TH-047,Threat Hunting - AWS Access Key Creation and First Observed Use,Tracks AWS IAM access-key creation and the first matching use visible within the bounded window using only non-secret credential identifiers in the explicit projection. Keeps unmatched creations for review and distinguishes legitimate rotation from suspicious additional credentials.,Threat Hunting / Cloud Credentials,"[""{{AWS_ACCESS_KEY_USE_EVENTS}}"", ""{{AWS_AUDIT_DATASET}}""]",SCHEMA_BINDING_TEMPLATE,Threat Hunting,Cortex XSIAM / Interactive XQL Search,"{""id"": ""T1098.001"", ""technique"": ""Additional Cloud Credentials"", ""tactics"": ""Persistence (TA0003)""}",REQUIRES_SCHEMA_BINDING,MEDIUM,queries/threat-hunting/cloud-credentials/n071-threat-hunting-aws-access-key-creation-and-first-observed-use.xql
N072,TH-048,Threat Hunting - Kubernetes Pod Exec and Attach Audit Responses,"Returns Kubernetes pod exec and attach audit response stages with principal, target and original response code. Keeps streaming and completed response stages visible; an API request or protocol upgrade does not prove that a command ran inside the container.",Threat Hunting / Kubernetes Access,"[""{{KUBERNETES_AUDIT_DATASET}}""]",SCHEMA_BINDING_TEMPLATE,Threat Hunting,Cortex XSIAM / Interactive XQL Search,"{""id"": ""T1059.013"", ""technique"": ""Container CLI/API"", ""tactics"": ""Execution (TA0002)""}",REQUIRES_SCHEMA_BINDING,MEDIUM,queries/threat-hunting/kubernetes-access/n072-threat-hunting-kubernetes-pod-exec-and-attach-audit-responses.xql
N073,TH-049,Threat Hunting - Kubernetes Bindings to Reviewed Privileged Roles,"Finds successful binding changes whose admitted role reference resolves to a reviewed privileged role at event time. Uses cluster, role kind, name and namespace scope explicitly; request patches and role names alone do not establish effective privileges.",Threat Hunting / Kubernetes RBAC,"[""{{KUBERNETES_AUDIT_DATASET}}"", ""{{KUBERNETES_REVIEWED_ROLE_HISTORY}}""]",SCHEMA_BINDING_TEMPLATE,Threat Hunting,Cortex XSIAM / Interactive XQL Search,"{""id"": ""T1098.006"", ""technique"": ""Additional Container Cluster Roles"", ""tactics"": ""Persistence (TA0003); Privilege Escalation (TA0004)""}",REQUIRES_SCHEMA_BINDING,MEDIUM,queries/threat-hunting/kubernetes-rbac/n073-threat-hunting-kubernetes-bindings-to-reviewed-privileged-roles.xql
N074,TH-050,Threat Hunting - Admitted Containers with Privileged or Host-Access Settings,"Selects admitted normal, init and ephemeral container specifications with privileged execution or host-access settings. Requires normalized admitted specs and mounted-volume resolution; a requested privileged spec does not establish admission or a running container.",Threat Hunting / Kubernetes Workloads,"[""{{ADMITTED_KUBERNETES_CONTAINER_SPECS}}""]",SCHEMA_BINDING_TEMPLATE,Threat Hunting,Cortex XSIAM / Interactive XQL Search,"{""id"": ""T1610"", ""technique"": ""Deploy Container"", ""tactics"": ""Execution (TA0002)""}",REQUIRES_SCHEMA_BINDING,MEDIUM,queries/threat-hunting/kubernetes-workloads/n074-threat-hunting-admitted-containers-with-privileged-or-host-access-settings.xql
N075,OP-002,Successful RemoteInteractive Logon Records - Schema Binding Template,"Returns destination-side Windows Security 4624 type-10 events, with target principal, source address and logon key preserved after duplicate-delivery removal.",Investigation / RDP Authentication,"[""{{WINDOWS_AUTH_DATASET}}""]",SCHEMA_BINDING_TEMPLATE,Investigation,Cortex XSIAM / Interactive XQL Search,N/A — operational investigation,REQUIRES_SCHEMA_BINDING,MEDIUM,queries/investigation/rdp-authentication/n075-successful-remoteinteractive-logon-records-schema-binding-template.xql
N076,OP-003,Failed RDP Authentication Evidence Review - Schema Binding Template,Selects RemoteInteractive 4625 failures and includes other 4625 logon types only when a verified RDP/NLA provider transaction establishes attribution.,Investigation / RDP Authentication,"[""{{WINDOWS_AUTH_DATASET}}"", ""{{RDP_PROVIDER_FAILURE_DATASET}}""]",SCHEMA_BINDING_TEMPLATE,Investigation,Cortex XSIAM / Interactive XQL Search,N/A — operational investigation,REQUIRES_SCHEMA_BINDING,HIGH,queries/investigation/rdp-authentication/n076-failed-rdp-authentication-evidence-review-schema-binding-template.xql
N077,OP-004,Classified RDP Traffic on Standard and Nonstandard Ports - Schema Binding Template,Shows RDP-classified network observations on any valid destination port and attaches client-process context only through a verified stable process-instance relationship.,Investigation / RDP Network Activity,"[""{{RDP_NETWORK_CLASSIFICATION_DATASET}}""]",SCHEMA_BINDING_TEMPLATE,Investigation,Cortex XSIAM / Interactive XQL Search,N/A — operational investigation,REQUIRES_SCHEMA_BINDING,HIGH,queries/investigation/rdp-network-activity/n077-classified-rdp-traffic-on-standard-and-nonstandard-ports-schema-binding-template.xql
N078,OP-006,Exact IP Investigation Across Address Roles - Schema Binding Template,"Returns exact canonical IP matches across original, translated, DNS-answer and trusted proxy-client roles, preserving source provenance and separate match flags.",Investigation / Network Activity,"[""{{IP_OBSERVATION_DATASET}}""]",SCHEMA_BINDING_TEMPLATE,Investigation,Cortex XSIAM / Interactive XQL Search,N/A — operational investigation,REQUIRES_SCHEMA_BINDING,MEDIUM,queries/investigation/network-activity/n078-exact-ip-investigation-across-address-roles-schema-binding-template.xql
N079,OP-007,Domain DNS and Web Observation Lookup - Schema Binding Template,"Looks up an exact normalized domain and optionally its true subdomains across DNS questions, DNS responses and web requests, preserving each evidence kind and outcome.",Investigation / DNS and Web,"[""{{DOMAIN_OBSERVATION_DATASET}}""]",SCHEMA_BINDING_TEMPLATE,Investigation,Cortex XSIAM / Interactive XQL Search,N/A — operational investigation,REQUIRES_SCHEMA_BINDING,MEDIUM,queries/investigation/dns-and-web/n079-domain-dns-and-web-observation-lookup-schema-binding-template.xql
N080,OP-009,Firewall Blocks and Resets by Initiating Host - Schema Binding Template,"Aggregates verified firewall deny/drop/reset log records by time-valid initiating-host attribution, rule and action, keeping resets separate from policy blocks and unresolved IP attribution explicit.",Investigation / Firewall,"[""{{FIREWALL_TRAFFIC_DATASET}}"", ""{{SOURCE_IP_OWNERSHIP}}""]",SCHEMA_BINDING_TEMPLATE,Investigation,Cortex XSIAM / Interactive XQL Search,N/A — operational investigation,REQUIRES_SCHEMA_BINDING,HIGH,queries/investigation/firewall/n080-firewall-blocks-and-resets-by-initiating-host-schema-binding-template.xql
N081,OP-010,External Permitted Traffic Outside Critical Server Access Paths - Schema Binding Template,Finds policy-permitted traffic from authoritatively external zones to time-valid critical servers when the exact source/server/protocol/port path is absent from a complete approved-path inventory.,Investigation / Critical Assets,"[""{{INBOUND_FIREWALL_TRAFFIC}}"", ""{{CRITICAL_SERVER_IP_INVENTORY}}"", ""{{APPROVED_CRITICAL_ACCESS_PATHS}}""]",SCHEMA_BINDING_TEMPLATE,Investigation,Cortex XSIAM / Interactive XQL Search,N/A — operational investigation,REQUIRES_SCHEMA_BINDING,HIGH,queries/investigation/critical-assets/n081-external-permitted-traffic-outside-critical-server-access-paths-schema-binding-template.xql
N082,OP-012,Investigation - Selected Process with Direct Parent and Children,"Returns a selected process instance, its verified direct parent and direct child starts on one endpoint, preserving causality as separate context.",Investigation / Process Relationships,"[""{{PROCESS_RELATIONSHIPS_DATASET}}""]",SCHEMA_BINDING_TEMPLATE,Investigation,Cortex XSIAM / Interactive XQL Search,N/A — operational investigation,REQUIRES_SCHEMA_BINDING,MEDIUM,queries/investigation/process-relationships/n082-investigation-selected-process-with-direct-parent-and-children.xql
N083,OP-013,Investigation - Selected SHA-256 Process and File Prevalence,"Summarizes a selected SHA-256 across process starts and file-event observations over 30 days, retaining separate evidence-family counts, distinct endpoints, paths/users and first/last observations.",Investigation / File Identity,"[""xdr_data""]",QUERY_CANDIDATE,Investigation,Cortex XSIAM / Interactive XQL Search,N/A — operational investigation,NEEDS_ENVIRONMENT_VALIDATION,MEDIUM,queries/investigation/file-identity/n083-investigation-selected-sha-256-process-and-file-prevalence.xql
N084,OP-014,Investigation - File Creation Write Rename and Deletion Timeline,"Returns validated create/write/rename/delete operations for an exact path on a selected endpoint, preserving both rename paths, producing process, actor and outcome.",Investigation / File Activity,"[""{{FILE_OPERATIONS_DATASET}}""]",SCHEMA_BINDING_TEMPLATE,Investigation,Cortex XSIAM / Interactive XQL Search,N/A — operational investigation,REQUIRES_SCHEMA_BINDING,MEDIUM,queries/investigation/file-activity/n084-investigation-file-creation-write-rename-and-deletion-timeline.xql
N085,OP-015,Investigation - Executable Hashes Newly Observed Against a Prior Baseline,"Finds executable hashes observed in process starts during the last 24 hours but absent from process starts in the preceding 29 days, with current host/path/user context.",Investigation / Executable Baselines,"[""xdr_data""]",QUERY_CANDIDATE,Investigation,Cortex XSIAM / Interactive XQL Search,N/A — operational investigation,NEEDS_ENVIRONMENT_VALIDATION,MEDIUM,queries/investigation/executable-baselines/n085-investigation-executable-hashes-newly-observed-against-a-prior-baseline.xql
N086,OP-016,Asset Visibility - All Reported Software Versions and Asset Groups,"Lists all reported applications, vendors and versions from each endpoint's authoritative latest nonempty application snapshot and enriches actual asset-group membership. Explicitly empty latest reports do not revive older applications.",Asset Visibility / Software Inventory,"[""host_inventory_applications"", ""{{APPLICATION_SNAPSHOT_STATE_DATASET}}"", ""{{ENDPOINT_GROUP_MEMBERSHIP_DATASET}}""]",SCHEMA_BINDING_TEMPLATE,Investigation,Cortex XSIAM / Interactive XQL Search,N/A — operational investigation,REQUIRES_SCHEMA_BINDING,MEDIUM,queries/asset-visibility/software-inventory/n086-asset-visibility-all-reported-software-versions-and-asset-groups.xql
N087,OP-017,Asset Visibility - Latest Local Administrators Membership Snapshot,Lists direct members of the built-in local Administrators group from the latest complete membership snapshot per endpoint. Preserves explicit empty snapshots and excludes domain controllers; nested effective membership requires a separate directory expansion.,Asset Visibility / Local Privileges,"[""{{LOCAL_MEMBERSHIP_SNAPSHOTS}}""]",SCHEMA_BINDING_TEMPLATE,Investigation,Cortex XSIAM / Interactive XQL Search,N/A — operational investigation,REQUIRES_SCHEMA_BINDING,MEDIUM,queries/asset-visibility/local-privileges/n087-asset-visibility-latest-local-administrators-membership-snapshot.xql
N088,OP-018,Investigation - Selected Identity Authentication Timeline,"Returns source-qualified authentication records for one stable principal, retaining raw outcomes, authentication type, target and source address. Requires verified mappings for each included provider and does not merge identities by matching display names.",Investigation / Authentication,"[""{{AUTHENTICATION_EVENTS}}""]",SCHEMA_BINDING_TEMPLATE,Investigation,Cortex XSIAM / Interactive XQL Search,N/A — operational investigation,REQUIRES_SCHEMA_BINDING,MEDIUM,queries/investigation/authentication/n088-investigation-selected-identity-authentication-timeline.xql
N089,OP-019,Investigation - Account Lockouts with Preceding Authentication Failures,Links Windows Security account lockout records to matching target-identity failures in the preceding 30 minutes. Preserves lockouts with no matched failure and shows source codes for investigation without asserting that a particular failure caused the lockout.,Investigation / Account Lockouts,"[""{{WINDOWS_AUTH_FAILURES}}"", ""{{WINDOWS_LOCKOUT_EVENTS}}""]",SCHEMA_BINDING_TEMPLATE,Investigation,Cortex XSIAM / Interactive XQL Search,N/A — operational investigation,REQUIRES_SCHEMA_BINDING,MEDIUM,queries/investigation/account-lockouts/n089-investigation-account-lockouts-with-preceding-authentication-failures.xql
N090,OP-020,Investigation - Privileged Access to Time-Qualified Critical Assets,Correlates successful asset-access records with effective privileged entitlements and critical-asset classification valid at the event time. Requires explicit identity and asset contracts and returns entitlement context without assuming that every privileged access is inappropriate.,Investigation / Privileged Access,"[""{{ASSET_ACCESS_EVENTS}}"", ""{{CRITICAL_ASSET_HISTORY}}"", ""{{PRIVILEGED_ENTITLEMENT_HISTORY}}""]",SCHEMA_BINDING_TEMPLATE,Investigation,Cortex XSIAM / Interactive XQL Search,N/A — operational investigation,REQUIRES_SCHEMA_BINDING,MEDIUM,queries/investigation/privileged-access/n090-investigation-privileged-access-to-time-qualified-critical-assets.xql
N091,OP-021,Asset Visibility - Latest Agent Version and Reported Health,"Lists the latest reported agent version, content version, connectivity and protection state per stable endpoint from a verified health inventory source. Retains report age and tied latest rows rather than treating an old report as proof of current health.",Asset Visibility / Agent Health,"[""{{ENDPOINT_HEALTH_INVENTORY}}""]",SCHEMA_BINDING_TEMPLATE,Investigation,Cortex XSIAM / Interactive XQL Search,N/A — operational investigation,REQUIRES_SCHEMA_BINDING,MEDIUM,queries/asset-visibility/agent-health/n091-asset-visibility-latest-agent-version-and-reported-health.xql
N092,OP-022,Cyber Hygiene - Expected Endpoints with Missing Recent Process or Network Telemetry,Compares an authoritative expected-active endpoint population with the latest process or network record in a seven-day window. Keeps endpoints with no matching telemetry and shows independent heartbeat context; silence is an investigation lead rather than proof of agent failure.,Cyber Hygiene / Collection Coverage,"[""xdr_data"", ""{{EXPECTED_ACTIVE_ENDPOINTS}}""]",SCHEMA_BINDING_TEMPLATE,Investigation,Cortex XSIAM / Interactive XQL Search,N/A — operational investigation,REQUIRES_SCHEMA_BINDING,MEDIUM,queries/cyber-hygiene/collection-coverage/n092-cyber-hygiene-expected-endpoints-with-missing-recent-process-or-network-telemetry.xql
N093,OP-023,Security Operations - Domain Controller Operational Event Timeline,"Returns an approved set of replication, DNS, time and service events on hosts confirmed as domain controllers at event time. Joins exact provider/channel/event selections to prevent cross-provider event-ID collisions.",Security Operations / Domain Controllers,"[""{{APPROVED_DC_EVENT_SELECTION}}"", ""{{DC_OPERATIONAL_EVENTS}}"", ""{{DOMAIN_CONTROLLER_HISTORY}}""]",SCHEMA_BINDING_TEMPLATE,Investigation,Cortex XSIAM / Interactive XQL Search,N/A — operational investigation,REQUIRES_SCHEMA_BINDING,MEDIUM,queries/security-operations/domain-controllers/n093-security-operations-domain-controller-operational-event-timeline.xql
N094,OP-024,Security Operations - Cortex Management Audit Timeline,"Returns one day of Cortex management-audit records with actor, host, category, result and severity context. Preserves reported outcomes and supports administrative review without treating every audit record as a successful configuration change.",Security Operations / Cortex Audit,"[""management_auditing""]",QUERY_CANDIDATE,Investigation,Cortex XSIAM / Interactive XQL Search,N/A — operational investigation,NEEDS_ENVIRONMENT_VALIDATION,MEDIUM,queries/security-operations/cortex-audit/n094-security-operations-cortex-management-audit-timeline.xql
N095,OP-025,Security Operations - Cortex Role and API Credential Lifecycle Audit,"Selects verified role, permission and API-credential lifecycle audit actions and presents safe target identifiers with responsible identity and reported outcome. Requires exact category/action bindings and intentionally excludes credential values and raw request bodies.",Security Operations / Cortex Audit,"[""{{ROLE_API_AUDIT_SOURCE}}""]",SCHEMA_BINDING_TEMPLATE,Investigation,Cortex XSIAM / Interactive XQL Search,N/A — operational investigation,REQUIRES_SCHEMA_BINDING,MEDIUM,queries/security-operations/cortex-audit/n095-security-operations-cortex-role-and-api-credential-lifecycle-audit.xql
N096,OP-026,Security Operations - Cortex Response Requests and Terminal Outcomes,Links Cortex response requests to terminal audit records by stable action and endpoint identity within 24 hours. Preserves requests without a terminal record and reports original outcomes; no response action is executed by this query.,Security Operations / Response Audit,"[""{{RESPONSE_AUDIT_EVENTS}}""]",SCHEMA_BINDING_TEMPLATE,Investigation,Cortex XSIAM / Interactive XQL Search,N/A — operational investigation,REQUIRES_SCHEMA_BINDING,MEDIUM,queries/security-operations/response-audit/n096-security-operations-cortex-response-requests-and-terminal-outcomes.xql
N097,OP-027,Security Operations - Collector Error and Warning Audit Records,Returns collector error and warning audit records with instance and Broker VM context from collection_auditing. Supports failure triage and subsequent recovery pivots; a historical warning does not establish a currently unhealthy collector.,Security Operations / Collection Health,"[""collection_auditing""]",QUERY_CANDIDATE,Investigation,Cortex XSIAM / Interactive XQL Search,N/A — operational investigation,NEEDS_ENVIRONMENT_VALIDATION,MEDIUM,queries/security-operations/collection-health/n097-security-operations-collector-error-and-warning-audit-records.xql
N098,OP-028,Security Operations - Data Source Freshness and Interval Volume,"Shows per-source ingestion volume, delay metrics and last-log age from metrics_view over one day. Keeps source identity dimensions and zero intervals supplied by the preset; freshness and volume require comparison with each source collection schedule.",Security Operations / Ingestion Health,"[""preset:metrics_view""]",QUERY_CANDIDATE,Investigation,Cortex XSIAM / Interactive XQL Search,N/A — operational investigation,NEEDS_ENVIRONMENT_VALIDATION,MEDIUM,queries/security-operations/ingestion-health/n098-security-operations-data-source-freshness-and-interval-volume.xql
N099,OP-029,Investigation - Selected AWS Account API Audit Timeline,"Returns AWS API audit activity for one account with operation, actor/session issuer, region, event category and original error code. Keeps management and data-event coverage explicit and does not collapse an assumed-role session into the human who may have initiated it.",Investigation / AWS Audit,"[""{{AWS_AUDIT_DATASET}}""]",SCHEMA_BINDING_TEMPLATE,Investigation,Cortex XSIAM / Interactive XQL Search,N/A — operational investigation,REQUIRES_SCHEMA_BINDING,MEDIUM,queries/investigation/aws-audit/n099-investigation-selected-aws-account-api-audit-timeline.xql
N100,OP-030,Investigation - Kubernetes Audit Timeline with Time-Valid Workload Context,"Presents response-stage Kubernetes audit events for one cluster and adds workload context only when cluster, stable object UID and inventory validity match. Keeps unmatched audit events visible and avoids assigning current workload names retrospectively to recreated objects.",Investigation / Kubernetes Audit,"[""{{KUBERNETES_AUDIT_DATASET}}"", ""{{KUBERNETES_WORKLOAD_IDENTITY_HISTORY}}""]",SCHEMA_BINDING_TEMPLATE,Investigation,Cortex XSIAM / Interactive XQL Search,N/A — operational investigation,REQUIRES_SCHEMA_BINDING,MEDIUM,queries/investigation/kubernetes-audit/n100-investigation-kubernetes-audit-timeline-with-time-valid-workload-context.xql
